id1,id2
423,2877
892,1777
4223,1356
262,486
1101,1734
2396,2572
3370,1088
2133,54
3017,852
1260,88
491,3784
4347,899
5481,3743
2153,271
933,2016
257,2453
3681,1754
3735,3717
1456,2467
3477,2921
2040,2953
491,2088
3839,532
212,1173
1374,336
4074,1124
1885,2870
2888,2186
276,3497
2411,569
2088,5903
3462,4447
3555,3825
281,2366
494,3087
4381,3499
2791,2915
1348,818
761,2877
2617,555
437,3072
3248,1881
4558,2420
3513,2387
1215,2291
1569,2529
2550,3977
2872,2139
3000,838
60,3108
3681,1339
3361,1693
448,1304
234,494
2287,3977
22,1199
3264,1346
933,4027
305,3254
4166,1374
3481,3264
2268,118
5481,2321
1348,5
2171,3450
599,3683
937,2044
2186,3258
510,4121
2093,1909
611,502
1064,804
3053,1588
1030,2248
940,984
1987,2278
262,2110
3743,2321
1046,493
1199,22
25,742
168,2096
3996,2648
1894,1127
3108,888
637,3062
1798,3022
3263,678
1920,290
3681,1380
3213,254
312,1733
2723,555
848,168
2463,3408
3354,667
2371,1297
3712,3032
1377,189
2232,135
87,2036
79,1777
327,1059
1333,558
842,1257
5764,1348
1717,3729
3174,1845
423,761
303,5957
477,4816
832,933
225,1188
2616,3424
2948,1342
88,5679
1806,486
1688,1663
2723,1024
2722,2046
1261,162
5349,2446
1816,419
2278,1616
3471,414
325,2355
2723,3022
4006,2411
1124,4074
1658,1209
445,2315
1499,2596
2453,1042
880,1186
300,1238
899,2169
359,999
3081,1441
315,247
3869,2851
2802,2294
2123,3911
1374,548
3735,3275
383,2396
1200,3070
5349,2836
1747,3395
300,5507
87,191
1569,852
2412,376
1719,353
1057,2060
195,3024
3394,1179
866,1356
2096,168
799,3394
2806,2707
3826,5957
512,2936
2605,1261
3911,3081
2302,2722
710,3269
1224,2072
2046,2722
204,3483
2968,3837
1449,3851
3060,3108
2915,372
3316,1619
788,1186
3031,66
46,243
359,1333
5971,866
3355,1620
3386,1991
3398,1374
15,2973
4700,1333
2788,1220
445,1831
3070,1608
1095,3060
3608,24
1648,783
4518,5679
1891,5507
2118,219
2052,1663
2614,416
417,3064
2249,1367
2528,3387
4121,510
2263,305
2300,5902
943,2467
1173,1588
468,427
1020,3173
5120,1206
3484,469
45,2141
2139,3401
2687,419
2877,423
1550,2528
2328,371
4765,180
4034,151
2870,1207
1994,3448
2123,3081
2026,3255
667,3354
54,2133
5902,880
1376,4310
2249,3744
2605,2302
314,4558
1665,3308
437,2995
1348,1604
1963,888
4700,3550
609,3017
207,908
4370,1614
1207,2710
2926,1834
1779,2184
66,558
3754,257
3851,2478
2700,3060
1994,332
3550,999
2706,26
1127,1542
1499,906
45,3316
2513,3693
1916,1914
217,379
1355,3258
3017,5891
485,1542
2458,2719
43,5944
3515,423
2048,2263
343,3882
5679,2037
3538,1586
513,420
1407,4034
5574,1179
761,3893
3238,1966
1374,3040
250,1272
3024,3827
2791,2710
258,3735
1586,2294
340,3300
1485,376
3324,4381
898,3505
3717,1342
490,379
3515,761
2092,1876
1299,2968
1097,3113
3510,5890
2169,3515
1257,118
1367,1094
3082,1023
493,3225
336,232
5965,279
2550,3248
1348,2968
1733,2642
224,1485
100,468
3190,2722
54,118
3763,835
1441,637
1693,1297
3409,2951
4973,1860
4308,412
4252,937
3476,2278
1226,2116
1748,295
4166,2186
157,66
240,3354
2707,2076
2053,606
2253,2037
3770,204
979,3040
2944,1409
3083,1693
704,5447
3550,3031
631,2413
1860,3671
354,3393
1499,3536
1734,1591
548,1860
2108,135
2572,2396
4121,2294
270,842
2037,520
2808,637
76,204
1004,2094
2088,325
239,3662
1221,4347
3301,3263
1619,3316
1583,2058
65,5893
1991,3753
1968,1473
2605,5995
1385,1690
102,2094
207,2033
1057,2161
1641,5962
2491,218
3247,742
2109,1016
1377,2409
4641,1702
419,1816
1348,3837
1862,3454
3705,1693
250,783
3483,1798
536,1025
327,3079
325,366
5418,2100
513,4131
2374,5957
3497,276
3210,785
2054,3708
1919,3225
302,86
497,1376
3740,1030
212,2450
1616,1916
271,3273
2694,1680
3685,5507
1603,2371
688,2232
2558,1921
315,829
2716,5843
1924,3526
2082,1894
5995,2605
5965,1665
1256,4816
1680,1840
1586,510
5418,3839
852,674
515,759
3882,2857
3358,3317
558,3409
1881,2550
1586,302
1542,5902
2244,3358
1679,327
276,1966
2394,3056
5459,529
257,3717
3788,2710
892,1025
3701,1206
880,2204
1260,427
671,454
1245,5903
3441,3400
162,5995
196,2375
493,2761
1456,106
3082,254
277,1348
5464,2288
168,2099
4262,3039
61,2985
1324,3802
1604,2968
802,3213
996,3744
3409,1333
1009,818
1614,2874
3190,2605
62,2194
2409,3535
76,22
898,1848
1230,1862
5120,277
340,2918
3508,3835
1729,107
2991,1834
818,548
1682,345
3370,2194
999,1333
2355,1245
113,1047
1906,251
3056,171
3527,17
1173,1370
189,2014
1663,1881
5893,704
177,3082
2194,414
1693,1603
1298,2100
743,497
921,3729
2877,3515
2118,3439
558,157
765,4260
2054,3435
4027,4002
379,2422
1064,3316
2793,3744
4252,2315
2351,2003
106,41
2877,3893
3706,1396
1209,1461
5008,258
662,1206
87,215
829,247
1680,2657
892,5266
3701,1625
569,2411
2411,3706
911,5008
788,880
542,1518
3317,2822
2416,688
1604,277
2080,1729
204,76
181,1909
2648,173
2806,2076
168,2867
2478,3851
2754,2320
3827,3683
426,1347
3479,4121
3308,1665
3203,5481
360,2372
342,3072
3896,2657
512,2206
3255,2411
2617,1748
497,3454
1625,3701
2321,3354
1445,1188
628,4571
848,3681
3114,3048
3083,2371
112,1885
898,3269
2648,838
3016,922
2843,3826
4121,2802
1441,3081
4260,168
1024,2723
257,1342
1339,5447
1409,2203
2054,835
2428,1267
880,788
4022,2422
915,1407
66,3114
2232,688
427,2840
2949,54
5048,3763
1625,2993
759,2985
3174,493
1009,4166
1616,3450
41,2707
442,458
1648,2060
2315,2044
3365,2720
761,27
303,372
3483,371
3441,3911
2874,2733
1267,3896
3264,5459
219,511
837,1688
2699,2422
1269,2993
3174,3225
2407,4239
3269,898
3837,5764
2420,4558
940,2492
1023,3082
3450,2232
382,302
1449,2478
1777,892
1209,2171
3365,2058
3203,1199
3101,4121
3257,1718
829,2643
492,24
2048,1047
420,41
502,3439
1840,2694
5965,1220
719,4765
2161,783
3173,2354
1004,2687
2052,1688
234,151
3740,2668
3005,1302
1215,3515
113,2797
18,3686
2040,1209
3114,3031
627,1603
5782,2648
1445,2421
3515,5620
3254,799
710,898
1645,724
2048,3476
520,5181
1124,2428
3393,2548
3114,359
1297,1603
1409,3499
2687,1816
379,2699
1200,3024
3247,64
2004,1688
2141,3448
2459,3005
1380,1339
2410,493
3538,3479
3308,180
801,2754
407,2808
3698,314
3837,1299
4020,2194
3072,1748
3317,405
106,943
742,1031
3683,599
662,277
3754,2453
4022,2109
2140,65
151,191
1378,2023
2804,2644
212,1370
420,358
3839,328
3752,4273
930,3863
372,1489
1256,201
3300,310
1047,2797
2423,2418
460,5943
795,799
302,2294
3706,3044
3683,195
1610,532
2485,5746
1047,2599
3526,3044
3497,1882
2548,5464
838,3000
704,5893
3548,3401
3712,1228
236,1914
4518,88
1211,3000
2046,1261
209,2643
631,420
2951,3550
3462,445
4741,4558
2294,2802
2709,239
2204,3897
611,219
448,4223
1473,4370
17,1733
1060,61
1690,1385
569,5459
1260,2688
442,1016
492,3608
3204,2282
662,4902
3264,4006
1226,1324
3683,3024
999,66
747,1963
237,378
4700,359
1097,1385
314,2414
22,1834
908,2492
359,4700
3424,3703
2003,2351
3255,4006
458,3916
2642,1489
353,1719
1881,1688
2081,3275
58,3662
2707,2279
2267,87
76,1834
468,798
2707,3751
262,2428
899,3893
3703,2616
2171,2614
160,783
295,2995
5266,1777
378,201
3662,1909
2872,3548
4973,191
2374,2372
1966,3238
711,2374
1025,892
609,852
2973,5349
3911,3400
2808,3699
5447,704
342,2995
3203,2746
743,3996
1891,2395
1793,1690
599,3827
867,17
2596,1095
2411,529
291,2133
700,4131
1238,300
759,1927
3263,3301
1688,4327
3238,3770
5971,274
2668,3740
1095,5181
906,1499
529,569
1924,4260
1860,1009
4558,2836
2082,1127
3263,4260
3784,491
558,3031
688,2108
2485,848
1023,802
1225,2036
1438,1250
2492,1674
3324,3499
3032,838
2616,205
2015,1359
1804,3551
915,234
66,1333
1733,3477
1729,2249
1285,161
2918,954
3247,788
3056,2394
930,2287
5349,1639
1042,4029
1200,195
2072,2518
376,2053
2719,3548
2359,1812
497,2648
1542,3703
1616,1914
1747,2153
3258,2888
986,2463
2097,3396
1882,2167
2995,3072
3022,555
943,2806
1658,2232
157,3114
653,1379
3396,4641
2244,2542
2948,257
3896,2770
382,4121
3409,3550
3550,4700
3515,2877
5181,520
2100,300
1228,5502
416,1179
3387,4144
27,2291
327,1718
486,4223
1779,2244
1845,1919
5872,2857
210,5377
2300,2268
2169,2291
248,2184
215,87
2458,2139
2973,2369
2393,2060
1542,3897
1188,336
1583,5943
2918,548
799,2644
2353,2722
1223,2273
511,3439
2710,1207
1095,60
2116,1226
3671,2409
2369,5349
532,5418
848,3243
1860,818
2548,2288
1288,879
41,513
157,558
2485,2867
4166,548
3952,2953
3536,5181
2459,724
405,2822
1920,2014
3952,3594
274,538
1036,2390
888,1963
347,1097
353,892
135,4518
382,3538
2053,376
338,3705
1604,818
3243,3622
3435,3708
1025,1461
60,3408
2583,524
3471,4014
105,3213
3526,2387
804,15
1591,174
2596,3536
1356,486
1021,4844
1693,159
2100,5418
3827,599
4881,5991
2137,2263
2542,1779
423,3515
420,2413
2253,2371
3608,492
2076,2806
305,2644
3500,1914
2371,1603
2788,2555
3501,3735
2372,360
1542,880
92,610
2699,4022
366,2134
538,5956
2372,5957
3668,954
832,5944
304,2411
3550,157
26,688
1057,4728
1569,5891
4381,3798
930,3248
2754,3087
551,4878
5459,1346
3439,3063
1299,2081
1961,448
2248,1644
1307,555
569,1396
3668,2918
1644,1372
2993,1639
4027,1211
3064,3967
3706,2411
2467,2076
2947,2770
2411,3255
1370,160
4741,2414
513,41
2791,209
477,243
524,2053
4700,157
3501,3717
2936,3308
3788,431
43,933
2203,4262
360,5957
3594,1906
2550,930
1891,5943
2248,1030
1267,4074
891,22
1734,4148
12,2492
3624,279
2263,1036
3247,1186
801,2496
2076,41
279,330
1245,2134
113,2048
5,1348
3361,159
1228,1211
4166,336
4310,4021
505,3273
1748,3022
2261,1445
674,2015
1620,5008
112,2870
176,511
700,513
312,788
986,1927
61,986
100,427
1489,2374
5782,3062
1370,1173
694,2109
219,3439
415,2465
2761,493
5120,2359
454,671
274,2788
448,1356
2321,4816
2617,1307
1358,2041
336,2918
3005,2459
64,3247
2076,2467
3479,382
1972,102
1359,1082
4144,1876
1883,2244
61,515
4381,1079
4006,569
407,1441
2555,274
3238,276
1718,1679
1881,2287
2411,5459
3219,2529
5764,627
2300,3897
1461,79
986,759
2518,2366
2518,454
1207,112
1914,5919
1911,2085
4700,279
866,1347
189,3101
765,412
2058,5943
2616,711
1777,2040
1330,2496
1333,4700
3401,2458
3361,1297
5995,2353
801,1330
3685,300
4022,1016
1860,2918
2808,407
215,151
1687,2351
3466,2266
2528,1876
1059,1679
2453,3754
3500,1616
558,3114
1616,3500
3536,520
2411,4006
303,2642
2133,291
3393,1566
1278,1812
18,3784
3835,2622
1583,3365
3174,2410
2857,3393
2140,704
3243,1250
3763,575
2141,1059
1881,1663
270,1257
379,442
243,477
3893,2291
2596,520
2253,88
212,160
201,1256
1016,442
140,3683
2108,2232
209,3247
1042,257
3083,1297
575,3435
3706,304
1281,2184
1966,161
3704,3040
1973,688
2616,3535
1023,105
3101,302
1620,1689
1396,304
2644,3753
5902,1127
232,2583
1812,371
325,2134
1888,146
546,3396
1094,996
1016,490
4973,3328
704,2193
2529,3594
62,4020
1370,3053
3219,852
20,3247
225,4260
2951,359
3355,5008
800,3479
996,1367
4033,2860
2261,4308
903,4034
2052,2004
2300,1542
3101,382
5048,1186
212,783
783,1648
4700,558
212,1588
1188,1445
2541,1562
89,125
2268,1257
2278,1914
2542,1722
2836,2973
2496,801
3060,1095
1474,1200
1663,2052
1373,2733
4347,2883
2414,4741
2396,383
1586,2802
1009,2918
538,274
4741,92
2141,1718
3897,742
2300,3703
2093,3744
4571,628
62,3370
1186,312
1895,3035
3754,5962
2699,1016
1614,1373
3361,2371
232,4166
1024,524
3395,1747
315,3108
3967,417
2186,336
1025,5872
555,1307
2874,1373
842,5181
575,835
5902,1556
747,2700
1348,1299
5903,366
3063,171
1641,3754
2016,4027
3708,2054
3863,1881
3204,694
3238,22
1663,837
1250,1754
1748,2995
546,1702
3686,5502
697,145
1095,747
1009,1374
4765,1427
2465,1734
4239,146
271,1747
5816,505
802,177
3031,3114
1963,3408
2496,1330
2672,2944
2320,1330
2953,3952
1092,1812
161,276
300,1924
1722,2539
1588,2450
180,512
2096,4308
5919,1916
491,1245
5,818
277,5120
529,3481
2468,354
3479,1586
1188,412
2288,354
1396,1754
247,267
4223,448
1569,609
2921,3477
160,1370
2409,3671
837,2004
107,1094
2539,2581
2411,3264
2791,64
454,1947
1186,880
1173,212
2140,1380
2770,490
1968,2733
189,290
2870,1968
3048,3114
3000,3032
5890,1719
3729,921
304,569
1339,2193
225,1445
954,3668
1665,1971
5890,353
2082,2085
2137,1288
3396,350
1754,1250
3763,1077
1840,1834
2227,58
2581,1281
3662,58
43,1020
2423,2712
1689,1551
2804,305
3072,342
3273,3395
300,2080
1186,742
2390,5841
2111,5608
2411,1396
491,2668
146,2580
4728,783
2926,3238
1729,2793
2411,3481
3454,1230
212,3683
1639,2446
2351,1687
700,420
3393,5451
2044,2315
1473,1968
903,1407
778,1283
1103,254
1693,338
697,2900
2328,1278
1927,5459
189,1920
3681,1250
1645,3005
1542,2300
2761,3174
477,46
3324,610
2872,2458
2423,1206
5893,3681
2186,548
548,2186
1473,1614
996,2249
3450,1658
1551,3355
3053,1370
4720,381
788,312
3044,300
1396,529
1641,1042
3740,2248
2642,3477
345,1690
1260,5679
1848,3269
1485,606
1147,3668
5464,2548
274,5956
230,243
516,3386
2421,2096
2088,2134
5903,1245
2255,515
1372,2396
2094,1518
2108,1658
3584,3409
3851,2944
2134,2088
2081,5764
2851,3869
5872,3393
1036,2263
328,1610
2148,3300
536,3882
1445,2096
888,747
1812,1798
1806,4223
5957,2374
419,1394
2097,2700
2016,4002
2596,842
26,2706
516,4844
4308,2096
3624,759
3668,2148
5902,485
1129,427
1777,79
1620,1551
2366,281
5066,1020
1209,892
3424,2616
1588,3053
345,1101
1279,212
25,3328
1385,1682
12,984
2580,146
343,5872
911,1689
3893,899
2321,3743
2036,2085
1702,2097
2389,250
3317,3358
1812,204
2082,2034
829,3108
490,217
1779,366
3031,1333
2288,2468
1921,2558
1250,2099
5956,274
3396,2097
2605,2353
2321,1256
376,224
3328,1092
79,1461
2583,1024
704,1339
358,4131
2232,2108
799,2804
2261,412
4007,1895
4002,5944
2688,135
3483,1812
3429,1200
2072,281
1261,3190
3072,2723
1966,2513
176,171
3882,3393
300,3526
5451,1025
3263,225
1919,493
3439,176
1373,4029
2421,3708
1396,2099
891,1199
2266,5574
2085,2034
3515,2291
3300,340
3797,2465
2249,107
785,1379
2123,810
991,575
3053,1173
3031,558
1831,2044
2948,5962
688,2171
4967,3000
1909,2093
1279,2450
366,325
2076,106
903,915
1042,1641
1261,2046
2268,270
1245,491
2278,3476
3826,1355
908,1457
5957,2642
276,58
1186,5048
262,4223
3671,1009
1987,1914
511,3063
1356,4223
5816,3397
106,2279
1620,911
2371,2253
1681,1282
1147,2148
1009,2186
1747,1408
1279,3053
3708,835
2171,688
250,1057
759,986
1438,1396
3238,891
5962,2948
2227,2709
414,2194
520,88
3698,4741
477,2321
2203,2672
4381,3324
2085,2267
2700,60
711,2616
3441,810
2097,2336
3526,5507
1798,2995
5764,2081
2171,4844
5764,277
3263,2096
3977,2287
2291,2877
3114,558
2273,1223
3479,800
3393,2857
2491,291
381,4720
1095,2596
4518,2688
4741,3698
866,5971
62,1088
1408,3395
58,2709
3396,1702
1307,295
1914,236
1324,1226
3225,493
460,3365
1604,3837
1456,2076
181,3744
5919,1616
2581,2539
427,100
217,2699
2096,765
468,100
2186,4166
2644,1885
2161,1272
1438,2485
2580,1888
254,105
431,2710
358,41
2108,3450
1266,1921
908,1674
305,5746
5943,3365
2109,379
1101,3113
1883,1779
2746,1084
1188,765
3400,3441
376,1485
4878,551
1973,1272
172,2822
2733,1614
1914,1987
2294,302
3851,2672
26,1556
848,2485
302,2802
61,5459
1261,5995
799,5746
454,2366
536,3393
548,1374
1057,1648
1812,3039
2761,1919
1004,1394
3247,209
783,1173
3466,1179
3977,3863
3174,2193
3717,1641
915,4034
1079,3324
1885,2644
454,2518
4273,3484
1025,5266
2465,174
930,3513
41,2413
1179,2266
2369,2973
2423,3701
2088,366
2874,4370
5459,4006
1881,3863
1855,3608
412,2096
3275,17
2883,1221
303,2372
5008,1689
305,1288
3668,3300
759,3624
3681,848
2428,3210
140,3429
5944,1211
4121,382
336,2186
20,312
2315,4252
3668,5620
2393,250
1092,2328
2232,1658
359,157
354,5464
2851,3146
1047,2278
2761,1046
4022,442
2951,3031
1088,62
2204,1031
2671,2335
1370,2255
1046,3225
2991,2657
262,448
3408,1963
330,1971
3450,1987
1100,2375
88,2688
2253,3705
5502,3686
3258,2843
1461,1777
1299,3837
2802,86
4029,1373
3317,378
382,1586
2761,2193
3024,140
1550,1717
4144,3387
879,1614
225,1924
555,3022
1030,3740
1489,303
510,302
300,1682
4022,490
491,775
1449,2987
417,4963
423,2463
151,215
2291,4571
511,4308
2654,852
775,3740
511,171
5988,1356
4131,420
2413,41
295,2617
2053,3160
818,336
810,1911
2463,4262
107,1729
1376,497
1485,2053
79,1025
274,5971
290,1377
379,2109
257,5962
4260,1445
3622,3258
1566,3393
2169,2877
1359,2015
1103,534
1250,3243
835,2421
548,3671
2617,437
2335,1079
1345,5377
1860,1188
3308,2936
442,193
1987,1916
3204,2109
2016,1020
3101,189
795,3394
2422,490
1456,2707
4816,1408
2860,4033
420,631
1348,5764
2720,427
2387,3685
2390,1006
305,2804
281,2072
3448,1679
2421,4260
2642,2921
2797,113
3897,1542
1719,3510
3837,5
2528,1717
3031,931
1103,3213
3526,1682
1288,2390
1267,2110
1641,2453
2944,2203
1283,3016
254,534
5507,1583
3770,2926
2052,2144
2085,1225
3248,3977
5418,1298
1021,1972
542,240
270,118
2336,4641
3039,2328
3173,1020
3365,5943
4033,190
267,315
653,2491
1082,852
305,1006
1380,5447
2463,606
3505,898
2843,3622
2936,180
2699,379
1909,3662
1261,2605
2359,2328
606,3160
1297,2253
177,254
359,3114
2822,172
295,1798
1250,848
1665,512
1457,908
1586,382
107,1061
218,2491
5181,3536
5890,3510
41,420
1779,1281
3454,743
2204,20
529,5459
1973,1556
313,3770
2900,697
2072,2390
1036,1288
1025,3882
3916,458
1485,224
2033,4571
162,2722
2227,239
5903,491
224,2053
3527,3477
305,2390
1307,5060
236,3500
3101,510
3462,415
262,4074
161,2167
2204,880
2806,1456
146,4239
100,798
2353,5995
627,3361
1272,1973
891,3238
2144,1663
2898,2572
2267,2036
867,2642
281,2518
1385,3113
66,3031
3300,1147
2184,1883
3471,2194
2139,3548
1238,1682
5962,2453
991,628
2770,2657
524,224
1891,3365
4121,86
2263,3440
1370,1588
3534,3505
2867,848
3481,304
1224,281
3977,5902
1299,818
2413,420
2321,3510
795,1179
1250,1396
3022,3072
538,5971
1250,168
1095,888
3481,529
838,2648
22,891
76,313
1279,3683
5608,2111
3301,678
27,761
2458,3548
2015,852
2193,1380
2793,2249
542,667
3788,2915
2995,2723
3017,609
101,2657
2048,1288
1754,2485
3401,2719
1885,2804
548,4973
1689,1620
2040,5266
1717,1084
4144,2528
1100,209
2654,1359
64,2791
52,5816
383,93
179,1479
248,3358
513,358
336,1374
407,3081
3072,555
3622,3826
101,1267
1238,3044
3101,2802
3394,795
515,61
2204,3247
3044,3706
2987,3851
2450,1588
765,1188
534,3213
3275,3735
5048,3435
1396,2411
52,3273
2078,3300
2267,810
281,454
303,3826
2797,2599
3044,1238
3079,3448
3421,173
2985,3275
536,343
3219,1569
1016,217
3072,2995
4370,2374
4370,1473
1689,5008
609,3219
2720,100
1616,1987
4844,1658
2099,168
1681,515
1845,2193
2478,1409
159,627
2099,1396
3264,3481
2081,1299
3243,1754
2791,431
3087,3146
984,2492
1845,1046
1734,3797
5451,3393
3000,4967
3441,3081
2354,5066
1346,2411
3717,257
3550,359
2044,4252
3273,2153
2877,899
1094,1729
1245,366
4306,12
510,3538
2080,300
3594,3741
2134,5903
3763,5048
1047,113
2606,3005
3062,2184
3429,599
1583,2395
986,61
1754,1438
454,361
2446,472
338,3083
2320,1081
2248,3740
4347,1276
3190,162
2294,3101
610,628
3409,359
88,2253
933,5944
2947,2657
3316,236
631,700
788,1031
4700,66
2883,899
2542,1883
2085,2036
315,4014
2371,3083
1489,360
3481,2411
485,2300
2193,704
1394,2687
5893,1380
160,1279
1127,435
3594,2529
2169,27
415,4447
611,3063
2492,12
818,2968
3499,610
267,2643
1206,2418
880,3897
1479,2033
3851,2987
12,1283
3685,1924
3555,4021
3548,2139
2991,1840
1991,1972
1566,2288
2883,981
5066,2555
177,3213
1798,1748
1206,3701
3397,52
107,2351
2870,1124
5962,5843
2291,27
1991,3386
383,2898
474,842
2808,3081
2654,1082
171,3056
3439,511
2993,1269
2921,312
251,3952
2968,5764
27,423
3510,1719
3355,1029
3952,1906
4020,3370
1212,3536
2657,2947
2409,1377
3387,4874
2036,1911
2668,491
442,4022
2455,5464
943,41
204,95
3683,1279
848,1250
810,2036
3225,1919
2453,1641
1834,2991
2712,2418
711,5957
4022,379
4700,3031
838,3032
176,3439
1047,2048
2410,1919
1489,3826
66,2951
1991,516
627,1299
637,3699
2710,372
1272,4728
5891,1569
5008,2046
4308,225
1911,2267
159,3083
1620,1029
472,1269
1644,2898
2606,1302
3701,2712
4029,2694
880,2300
2872,3401
837,2052
3477,1733
2542,2581
1221,2273
5957,303
2485,1250
674,1359
611,171
1588,3683
3708,1077
1438,3681
1445,4308
1285,1499
5679,520
2023,1036
258,1689
2328,1092
2459,1645
87,3328
2414,3698
5507,3365
1380,5893
304,529
338,2253
2249,2793
1409,2944
412,168
1679,3257
5957,372
3424,711
3408,888
3113,1097
336,4166
1665,279
4308,176
2302,162
1238,5507
1224,2366
232,1009
3551,247
3526,1238
999,3550
548,1009
1129,1260
359,931
5957,1489
100,1129
1970,3484
2467,106
1230,3454
606,2463
2478,2944
1641,3717
984,940
4014,829
3101,3538
2877,27
2393,2161
257,1641
795,416
3977,2300
903,151
258,1620
2249,1061
492,1855
4967,3712
2599,2048
1304,4223
2060,1272
555,2723
1103,105
3685,2080
2171,2232
3031,157
174,1101
837,3483
1457,1674
215,4973
336,4973
3706,3255
3393,536
2492,908
2336,3396
302,3101
1279,160
3440,1288
1220,5965
1021,1991
2793,107
135,2037
4262,3408
2097,546
3499,1449
2985,3501
2291,207
852,2015
1179,416
4027,2016
2583,232
3104,3741
637,1441
3101,2294
2389,2060
2266,3466
899,981
2617,2995
515,2255
2167,276
4223,1304
802,1023
1380,704
2186,3622
354,2548
2321,477
3708,3435
3705,2371
354,2468
981,1276
3484,4273
1518,542
2843,2888
2874,1473
2671,759
1211,1228
2232,4844
107,2249
534,254
1250,2867
224,376
2140,5447
1372,1644
915,494
3435,2421
4816,3354
2581,2542
251,3594
1542,1276
505,3397
5507,3685
1542,485
1906,2529
5843,179
43,2016
251,3741
2016,5944
4571,575
3477,3527
1199,2926
1339,5893
810,2267
3408,2463
1845,3174
1966,58
999,157
2857,1025
1408,4816
761,1215
3526,1924
4014,3471
1911,2036
1779,1883
3526,3685
2688,520
1702,2700
190,2860
2072,2366
65,710
1021,3386
1101,3797
1562,2065
2048,2390
172,4029
2026,237
1374,979
2140,2193
3387,2092
1588,160
1367,996
2836,2369
5459,2411
943,3751
100,2720
2973,2836
2161,4728
3706,1346
3358,405
1682,3526
4967,1228
5447,1380
1092,3483
1006,2137
1372,2898
4327,2004
2065,1357
412,1445
1427,2424
2463,3039
3361,1603
125,383
1542,2268
1682,1238
1094,2793
325,2088
2282,3204
3741,3952
295,3072
922,12
3448,1994
1046,1845
688,1973
1221,2883
1914,3450
529,3264
996,2793
3063,3439
417,3967
3053,3683
2053,524
1281,1883
3081,3911
710,5669
159,1603
513,631
12,940
458,442
76,3238
1445,1924
2672,3851
159,1297
1059,3257
1586,4121
921,1550
2302,2046
300,2100
3753,1021
342,3869
3662,2227
2082,3639
2836,5349
3584,1783
313,3238
1288,2072
2278,1047
867,3527
5893,2193
2060,2389
1674,908
1748,2617
898,710
2288,5464
899,4347
4027,43
3056,2023
4728,1057
1357,2065
930,2550
3079,1059
2263,879
2094,419
3408,747
3328,87
2249,996
5872,1025
1031,1186
2394,171
2995,2617
1639,2993
783,1588
3225,1845
2446,1269
3081,2123
3370,62
2100,1238
3501,3275
3225,1046
1186,25
105,1023
366,248
140,1200
2804,2485
1719,5890
405,378
3735,258
4728,1272
3882,5451
303,360
1911,810
3435,835
1924,765
219,3063
86,302
1687,107
1129,2720
548,4166
3082,1103
1380,2193
1408,271
5008,911
491,2355
575,207
2529,251
575,3708
2555,2788
336,1009
3744,1729
3101,290
145,2455
3729,1550
1658,2139
2944,2987
2161,2060
4034,903
2194,62
3355,2046
3770,891
1717,921
3082,177
2867,1396
2836,15
3837,2968
954,340
3114,1333
3550,3114
2421,3435
248,2244
3083,1603
2206,2936
1608,804
2353,162
3173,2555
5377,210
101,490
1298,5418
25,788
1324,289
2167,161
1225,810
382,510
304,3255
497,743
382,86
2193,5447
3255,569
1916,1987
3967,1285
1127,1894
20,5048
1209,2040
1297,3705
106,2806
305,2263
511,219
3827,1200
271,1408
460,1583
2953,1461
3082,534
176,502
4006,3044
1449,3499
1754,2867
1020,5066
3081,3400
5620,954
1909,2709
2485,2099
2336,350
2840,2720
2936,512
558,66
2874,1614
1304,262
2321,1408
5957,4370
3101,86
3513,930
991,5956
1077,3708
2278,2599
2336,5891
3070,2395
4074,1267
3397,5816
2037,5679
420,4131
1367,1061
3681,5447
2355,2134
704,3681
2550,1881
3255,201
678,3301
2951,931
2282,694
468,2840
3081,3699
3263,1445
765,1445
2542,248
2355,366
359,558
493,3174
5679,1260
1831,2315
2148,2918
2153,1747
1408,1747
3500,5919
1891,460
3712,1211
1129,100
2389,1057
2108,1209
1409,2478
1614,1968
981,4347
105,177
159,338
15,2369
627,3705
3751,2707
3247,20
477,230
20,1186
4131,2413
3735,17
2395,5943
5507,460
61,3624
5620,3668
1333,999
1357,2137
248,1281
3729,1084
412,4260
3072,2617
225,2096
2857,536
232,1024
1518,1221
151,903
3324,628
2099,1438
1023,254
529,3706
2968,818
1220,279
2416,26
943,2076
5764,5
61,1927
2407,3481
879,2874
102,1972
2291,991
534,802
234,915
5919,3500
922,551
2034,3639
100,1260
490,1016
4370,1489
627,1604
2394,1036
3225,2410
1374,1860
1016,379
4022,2699
2843,2186
3548,2458
1260,1129
1358,5060
5944,832
66,157
1620,2046
1783,3584
1307,437
1702,4641
3622,2843
4518,2037
352,524
2642,3527
1372,2572
427,2720
2936,1665
2374,1489
3454,497
2840,1129
366,1245
1272,2161
2648,1376
2420,2414
2993,5349
61,759
2153,3395
1876,2092
2468,5464
2450,1357
2918,2148
3594,3104
569,304
2060,1057
258,3501
291,2949
891,2926
765,225
5048,835
3361,3705
4728,2389
2036,1225
1972,345
3751,106
1046,2193
1006,2048
1987,1616
1963,3108
325,491
3825,4310
1256,237
2243,196
4720,2478
336,1188
2395,1474
3851,2203
1734,2465
2788,5956
2581,1722
4020,1088
3435,3763
4518,135
783,160
5956,4571
4765,719
3429,3827
991,908
2372,4878
2267,2085
1279,783
3063,2118
802,3082
3754,1042
2410,1046
2366,2072
1489,711
1283,12
1030,1644
414,4014
1461,892
15,2836
1888,4239
3210,2428
5893,5447
2857,3882
1947,361
277,5
1639,1625
2161,2393
5349,2973
1924,412
4239,1888
2951,1333
5943,1583
818,1299
5782,1376
2555,538
3254,2485
1374,4166
24,1855
3275,3717
2041,2617
3826,360
419,2094
1101,4148
469,3752
899,1215
3439,171
2951,4700
3751,2076
371,1971
3685,1916
1754,3681
1883,366
494,234
168,848
1374,3704
2804,3254
151,3328
3538,2802
86,382
4967,3032
469,3484
201,3255
2261,2096
2599,2797
4902,1206
3550,1333
838,4967
524,2583
3476,113
1211,3712
5464,354
1474,1608
4558,3698
257,3754
1921,1266
1620,258
842,118
88,520
2672,2478
2169,423
3238,76
145,3584
1987,3450
2184,1779
1057,2393
1779,2581
5991,1862
2733,4370
5507,1238
2465,4148
1347,5988
3070,1200
3225,2761
999,359
2888,2843
3501,17
3365,5507
2496,2754
79,5266
3034,2622
3536,1212
2840,1260
1103,3082
569,4006
1663,4327
3743,4816
2279,2806
2041,1358
2390,1036
3263,412
1179,3394
3040,3398
27,2169
1963,747
569,3481
218,291
3916,193
555,2995
1006,2390
3273,505
352,1024
742,3897
254,3213
3479,2802
1095,1963
442,2422
304,3481
3358,248
1748,1307
3160,524
2446,1625
4260,4308
3497,2513
3361,3083
1682,300
1374,3398
1987,3500
247,3551
1297,3083
3741,2953
2622,3508
2232,2171
2987,1409
472,2993
3083,159
338,1603
1441,3699
2193,5893
345,1972
3851,3499
1082,674
2184,1281
906,3967
2723,2583
1798,437
610,1079
2355,422
3440,1322
2411,1346
2048,1006
3685,1682
2539,239
22,2926
2004,2144
3300,954
569,3044
3483,837
2393,1648
1199,76
41,2806
2867,1250
3114,66
342,437
2144,2004
1569,3219
1639,472
546,1266
5891,1702
2826,426
61,1060
1077,3435
937,2315
2712,1625
65,1339
372,5957
3686,18
2706,1973
489,1345
423,3893
3397,1077
3729,2528
20,3897
2558,546
3435,1077
2468,1566
3744,1094
2581,1883
25,20
372,3788
442,3916
2926,313
2416,1973
1299,277
1302,181
383,252
2204,312
2418,2712
848,1396
2094,102
1046,3174
852,3219
26,1272
742,3247
747,60
2596,1499
1474,3070
1971,371
3483,204
2093,1302
2374,4370
5988,866
2287,3863
1718,327
2110,1267
4381,92
2097,4641
1457,2492
880,742
2720,2840
2003,1687
2722,5995
2450,212
5764,818
2315,1831
2951,558
41,631
931,999
1499,1212
2014,3101
551,778
1645,2606
1288,1006
3264,3044
3394,799
22,76
3483,2328
3706,3264
3681,2140
2418,1206
1806,1356
1665,5965
1804,3418
431,1207
3108,60
1036,3056
1084,1717
1373,1614
2294,86
225,2421
5893,65
1059,45
3685,3526
1276,981
4973,1009
20,880
2915,431
92,314
313,204
5507,3526
4963,3064
2186,2843
1927,2671
191,4973
2463,2203
2143,347
5988,5971
366,2355
2137,2541
1848,710
2108,2139
2716,804
2797,3476
1718,3257
422,2355
2596,5181
3060,3408
3745,3210
1278,3483
328,3839
3526,1916
5451,2857
921,2528
2840,798
1025,79
442,2699
2026,378
2355,5903
1060,1927
892,79
247,1804
3681,704
3448,1059
4844,2232
2719,2139
250,2393
3275,2081
891,76
45,1718
342,555
3060,1963
3146,3087
3263,2261
3062,289
996,2080
1238,1916
911,3355
1342,2948
2414,2420
1919,3174
742,880
674,2654
1645,1302
2921,1733
788,2204
2450,3053
3462,2465
2720,1583
743,3454
2733,2874
3255,2026
1499,5181
2369,4558
289,1226
555,295
303,711
3897,5902
3398,3040
1200,599
1816,3317
2014,1377
1250,3681
1474,4963
1064,1619
991,4571
219,502
1298,328
2413,700
2414,314
12,3016
2287,2550
422,366
2148,5620
168,412
494,4034
3671,336
4029,1042
1211,933
3448,1718
5,1604
4014,267
2465,3797
18,2668
3238,313
3104,3594
279,4700
45,1059
187,902
4308,3439
3257,1679
3911,810
2037,2688
3826,2888
2492,984
1304,1806
2921,867
258,1029
502,3063
224,524
382,2802
3754,2948
2542,2244
2851,342
3802,1226
1963,2700
105,534
2867,3681
785,653
304,3706
2336,1702
230,1227
207,4571
3448,2141
671,361
191,25
5669,3534
2707,2806
3751,943
3203,332
2478,4720
837,2144
92,2420
3584,3508
3477,312
801,1081
759,515
2390,2048
4131,358
125,93
2193,3225
2044,1831
1970,4273
460,2058
3400,810
2108,2171
1042,1342
835,5048
2687,1004
4002,832
711,3424
1747,271
271,3395
22,204
416,795
1663,2144
1489,2372
445,3462
1639,1269
3681,1438
191,3328
2446,2993
193,442
160,3053
2761,1845
494,915
2428,2110
1971,1220
209,1100
5841,2390
2033,207
1474,2395
493,1046
2694,2991
79,1209
3705,2253
1031,2204
1256,2321
3269,710
2137,2390
2294,382
1272,250
880,20
289,3062
1061,1729
4308,765
1665,2206
300,3044
205,3424
4148,1734
3000,5502
5669,710
2995,1748
2822,3317
3408,3060
5988,1347
3508,2622
1279,1173
2973,15
1322,3440
332,3203
2076,3751
1285,3967
1173,3683
2793,996
3735,2081
1610,1298
201,2026
1061,107
177,534
290,189
3863,930
3300,2899
1276,2883
4252,1831
3439,502
3213,3082
17,2921
2118,3063
1256,3743
3393,343
1009,1188
1881,2052
4260,3263
1644,1032
804,1064
2529,1569
609,5891
383,1372
2722,3190
1060,667
5903,2355
1408,3743
1916,5919
2033,991
2643,315
2253,1693
86,4121
189,3257
3264,2411
4963,1474
2016,933
798,2720
1333,3409
3395,2153
2273,1221
1346,3255
510,2294
254,177
2099,2485
4641,2097
87,1225
2387,1238
236,1619
2877,5620
3083,3361
1966,1882
555,3072
2422,4022
3387,2528
1188,4260
5507,5943
513,700
1385,345
3044,569
2410,3225
4518,520
1355,3243
2140,5893
2710,431
888,3060
431,2915
5620,340
27,3893
2123,3441
1006,2072
3952,3104
2802,3538
4874,3387
5843,2414
724,2606
416,3394
1461,5266
1077,3763
342,2851
5902,3703
742,25
338,627
3708,3763
954,1147
555,1748
2355,325
986,4262
2037,4518
1551,258
1004,1816
2076,2707
2754,801
3668,1147
1342,257
2249,1729
3500,2278
3429,3683
493,1919
22,3238
4728,250
1396,3706
5620,2877
423,27
1658,3450
1020,5944
2037,88
3031,2951
1097,345
1556,2416
4006,1346
1281,1779
1619,45
2413,4131
2374,711
65,3269
3000,1228
922,3016
1223,1518
161,1285
3190,2407
520,1212
3022,295
3396,546
1380,3681
3526,2080
3477,17
2843,3243
3671,4166
3897,2300
1396,4006
4641,3203
2450,2065
2371,3705
3693,2335
2648,5782
2793,1061
1224,454
1188,4166
3213,802
2134,366
4874,2092
2359,4902
2336,2097
20,2204
984,1674
742,2204
892,1209
2100,3526
65,3534
201,378
1211,4967
921,1717
2968,5
2148,3668
4816,2321
3481,4006
2991,2694
5008,1551
3717,3754
5120,662
2004,1663
472,2041
5816,52
2328,2359
1238,3526
2720,1891
761,3515
1894,2034
2720,798
2359,3483
818,1860
3967,3064
2393,1057
5943,5507
2394,1378
1816,2687
1061,996
2446,5349
207,5956
161,1966
2605,2722
3429,140
1971,279
2169,5620
312,742
558,3550
250,4728
3538,382
3328,191
1783,5060
2949,2133
1862,5991
3361,2253
3535,2409
798,427
5574,2266
89,93
3740,775
2389,2393
3802,289
5481,2746
3741,3594
304,1396
41,358
1604,5
1379,3210
2421,412
5620,761
3497,2167
490,4022
999,931
17,3501
2232,2614
5447,2193
4558,2973
2395,1891
3784,2668
1593,5971
1972,1991
2263,2048
810,3911
5957,2372
4447,415
168,765
2843,1355
1333,359
5995,1261
2144,1688
174,1591
2422,442
1489,5957
1355,2186
290,3101
627,3083
4166,232
538,1593
3328,25
984,1457
2232,1209
616,1285
2041,472
3701,2418
548,336
1895,4007
3440,1006
2080,2249
724,1645
302,3479
2302,1261
4518,1260
510,382
2291,761
5008,1620
204,3770
801,2320
1603,159
2581,248
225,412
2279,943
1717,2528
1097,347
161,3497
2072,1006
277,2968
688,2416
52,3397
1173,2450
2642,1733
66,931
2797,1047
4273,3752
888,3408
412,2261
5843,1562
2459,2606
1688,837
704,1380
3257,2014
3365,460
1916,3500
1693,2253
2463,423
236,1987
93,383
1812,1278
1748,555
4260,765
2053,1485
940,908
2046,3355
43,1211
3751,2806
1556,26
1848,65
20,788
1186,20
423,2169
204,22
2411,304
3835,3751
667,240
359,66
3273,52
172,3317
2672,1449
3706,4006
207,991
3247,2204
1688,2052
1648,2389
1199,2746
1562,1357
4327,1663
2422,1016
3708,575
1777,1461
2133,2949
189,1377
616,161
799,3254
511,611
798,1260
2080,3685
3698,2414
3706,569
2407,1057
2529,3219
534,1103
1346,3264
312,3527
510,86
1342,5962
3735,2985
2409,2054
765,168
2709,58
3705,627
3400,2123
3418,1804
358,2413
2671,61
88,1260
1227,243
3481,2407
724,3005
3032,5502
4121,3479
2947,3896
1587,1804
3022,1748
524,1485
1881,2004
176,3063
1342,1641
3863,2287
2167,58
135,1658
5418,532
342,3022
1129,2840
1101,174
1888,2580
2109,3204
551,3016
979,1374
1020,933
1909,2227
2206,180
1245,2355
3826,3622
3022,2723
2328,204
105,1103
2140,1339
4765,1223
491,5903
761,899
2023,171
3699,3081
5,1299
303,4370
1376,838
546,2558
1346,3481
2320,2754
295,1307
915,903
3219,609
1031,2899
171,611
190,4033
653,218
1882,1966
747,3108
3476,2599
2058,3365
2294,3479
2496,1081
2336,546
2268,5902
445,937
345,3113
3079,2141
4273,1970
2409,2143
2387,3513
2141,327
965,4033
5679,135
3219,5891
342,295
1186,3247
360,372
1127,2300
1339,65
611,3439
2898,1372
372,303
778,551
5459,3706
1927,2985
215,1092
867,3477
2108,688
1215,2169
3048,105
529,1346
2065,2137
3479,2294
906,1285
2167,1882
1860,232
3483,2359
4166,1188
217,2422
20,25
360,3826
2300,3977
1604,2081
2599,1047
5459,569
532,2100
694,3204
1298,1610
360,303
783,3053
1215,423
5459,759
1968,2874
1779,248
2354,3837
1257,842
3550,558
778,12
3896,1267
1461,1209
3328,215
569,3264
1299,1604
5890,468
2288,2548
933,43
224,3160
3753,5746
902,187
1200,3429
2108,4844
3401,2872
4327,1881
2599,3476
2707,106
2044,445
1298,532
162,2605
4260,1924
2148,340
832,1211
3770,1199
237,1256
2450,1279
1717,1587
4383,1427
1689,258
3429,195
908,4571
2396,1372
2467,2707
366,1779
1972,516
4002,4027
3476,2797
2081,3501
3354,4816
1906,3741
162,2046
788,3897
837,1663
3070,4963
1173,160
2227,1909
1186,3897
1094,1367
2548,354
1215,3893
3683,1588
3104,2953
76,2926
4327,2144
422,325
236,1616
1614,2733
3255,1346
2395,3365
5418,1610
2944,2478
3497,161
1379,785
3174,1046
366,422
2410,2761
1682,3685
92,3324
1281,3358
1267,101
3699,2808
171,3439
162,2353
3355,1689
3248,2287
2467,2279
1734,1101
2411,3044
1378,171
118,842
2770,3896
350,4029
276,2513
176,219
2088,1245
3083,2253
1225,2267
5620,1215
1604,1348
366,5903
2707,1456
1625,1639
1855,492
2328,3039
3393,354
2802,3479
3712,5502
3788,1207
1883,2184
3797,1591
520,5679
783,2161
3685,3044
2263,5841
996,107
2060,4728
490,3896
2390,2263
1702,3396
145,697
460,1891
742,1186
3508,3584
5965,330
2900,145
2467,1456
1094,107
4166,4973
1367,1729
3699,407
4027,832
3439,611
1088,2194
64,2643
627,1348
3788,372
4641,3396
58,2227
1006,305
1356,1304
2513,3497
112,1124
350,3396
1860,336
5048,20
1914,1616
168,1250
3435,575
239,1722
1616,5919
1445,225
3243,2099
5841,1288
125,89
2555,2354
1924,300
1556,1973
1345,489
5841,1006
711,1489
437,1307
247,3418
1456,943
4021,3825
3479,302
61,2671
3798,3324
2085,2082
2118,611
4308,4260
2141,3257
2424,1427
1409,2672
1961,1356
3395,271
637,407
234,4034
3499,3324
204,1812
1499,616
1834,1680
1542,3977
1025,536
2092,3387
3735,3501
1225,2085
95,204
1220,1971
3063,176
3203,1084
627,2371
2109,217
1302,1645
5944,1020
3062,637
5620,27
2550,3863
1693,2371
105,254
2860,965
1261,2722
3044,3526
4027,933
1804,1587
3072,1307
2072,2263
2092,2528
922,778
852,1082
3863,2550
5902,2300
1299,1348
1586,3479
2204,1186
979,3704
2948,2453
510,3479
3798,4381
1840,2657
405,1816
5919,236
1333,66
999,3409
240,1060
5962,3754
2261,1188
3168,4131
2485,2644
2877,1215
2253,4518
239,2539
2822,3358
140,3827
3622,1355
4148,1101
2268,1542
2390,3440
2315,445
1924,3685
3440,2390
412,2421
1173,1279
2877,2291
710,3505
3515,899
414,3471
2995,1798
3056,1036
2719,2458
310,2899
3022,1798
427,468
2840,100
2139,2872
343,2857
3063,502
2193,3174
3395,1408
515,1681
3024,599
761,423
2058,460
24,3608
101,2770
2041,5060
3034,3835
4765,5816
2263,2072
3882,5872
2253,3361
1882,3497
45,1679
2320,2496
340,5620
1092,215
358,420
4121,302
3548,2719
1927,3624
5902,3977
3745,1379
1081,1330
3039,2463
1260,100
2788,538
431,2791
41,943
2085,1894
358,513
2161,1648
1551,2046
3079,3257
2123,3400
1748,342
761,2291
2253,1297
2287,930
3264,304
3238,3497
4006,304
4029,2572
611,511
2243,3692
378,405
5764,3837
1639,5349
325,422
899,761
1376,5782
371,1812
207,575
852,609
171,3063
1754,168
1550,921
493,2410
2770,1267
2722,162
2227,3662
2754,2496
3024,3429
224,606
1445,3263
667,1060
5066,2354
1603,338
2080,3526
468,5890
112,1207
79,2040
209,502
1029,2046
1658,2171
1894,2085
2088,2355
818,5764
315,2643
558,2951
2539,2542
2687,2094
204,2328
191,196
3355,911
240,542
999,3114
328,532
4327,1688
2723,2995
5181,1499
2644,2485
17,3735
1427,4765
1485,3160
3977,1542
1848,898
1031,742
3827,195
494,1407
3550,2951
2139,1658
58,276
2058,1891
2203,1449
2282,3168
2261,168
1269,2446
2700,2336
215,191
631,513
3798,610
2993,1625
1016,2422
2418,1625
4074,3210
1587,1717
2244,366
2004,2052
1583,5507
3481,569
5066,3173
2458,2872
2204,788
3882,536
1591,4148
2993,472
2140,3681
4816,3510
1665,2936
1583,2720
2046,1620
3479,510
191,1092
524,3160
330,5965
445,4447
2671,1927
765,4308
2278,3500
5995,2302
1221,1518
2455,145
2720,1129
1220,538
2699,217
3863,3248
2389,783
3035,1895
4308,219
3101,1586
981,2883
991,2033
300,2387
195,1200
3173,2058
1385,1101
215,25
1834,22
4131,3168
5464,697
536,5872
575,991
5971,5988
2614,2108
1438,2867
1396,3264
1603,1297
5971,1593
2899,310
1586,86
2273,1518
2328,1798
3996,3454
2300,485
3515,3893
798,2840
217,1016
1266,546
515,1927
3031,4700
2707,2467
5957,711
788,5048
2046,2605
1304,486
2529,3741
3308,512
1283,922
1702,5891
3400,3081
2134,491
426,2826
2985,61
3358,1779
4034,915
3701,2423
3203,4641
379,217
4002,43
606,1485
3624,5965
832,43
419,1004
2944,2672
2328,837
4381,610
546,2097
2542,2539
2118,176
383,125
2278,113
3996,743
295,555
135,5679
304,1346
788,742
3797,1101
3160,2053
2088,491
1966,276
336,3671
2793,1367
2617,295
359,3031
1914,2278
765,2096
2706,347
2414,5843
3063,511
999,558
1518,1223
3784,18
5266,353
3032,3000
5048,742
1729,2080
2409,2987
445,415
5944,933
1302,3005
2353,2605
494,903
3893,2877
20,742
3048,1882
88,4518
1394,1816
2171,135
1261,2353
1288,2137
2918,3668
3044,4006
3275,3501
551,2245
555,1798
2046,5995
2642,2374
219,4308
2921,17
2279,2467
2389,1648
1032,1644
5891,2336
5,5764
2643,64
2118,502
1876,2528
1718,2141
2672,2203
2541,2065
5060,1307
4558,4741
1173,3053
2806,2279
168,1438
230,46
2491,653
3869,342
2804,799
2857,343
313,1834
5349,2369
1947,454
711,303
1916,300
1212,5181
2583,2723
2770,101
89,383
3328,196
3802,2116
5943,1891
1090,2248
2261,4260
2951,157
2167,3497
1862,743
486,262
3608,1855
1396,848
3022,2995
43,832
2144,1881
312,3477
1891,2058
783,2060
366,2244
5459,3264
2926,1199
943,1456
161,616
2116,289
4014,414
1348,277
250,1648
785,3745
5962,1342
4370,2874
4308,611
2428,4074
520,3536
2947,101
2203,2944
274,1220
3361,338
135,2171
15,804
157,2951
3916,442
27,2877
3146,2851
892,2040
2046,1029
1614,4370
510,1586
1103,1023
2096,1445
4029,2353
86,3538
3243,848
1688,1881
1333,3114
113,2599
2428,1124
2253,1603
2446,1639
5891,3017
2453,1342
1227,46
352,2723
1299,627
3087,494
3699,637
3354,2321
3505,710
1641,257
3827,3024
65,898
372,360
697,2455
106,2707
93,89
295,437
1212,842
2948,1042
2420,3698
382,2294
1587,3729
2951,999
1658,2614
160,2450
1100,64
2614,3394
92,4741
3317,1816
2167,2513
360,2642
2204,742
2453,257
2204,25
54,1257
3744,1061
4074,2428
2153,3273
1733,3527
3744,2793
2872,2719
3016,551
1348,2081
3264,1396
1961,1304
3893,3515
250,2389
2723,295
3081,2808
4260,2261
24,492
1916,1616
3671,548
1489,372
2052,4327
3114,931
3213,534
1061,1094
2161,250
1330,2754
41,700
159,3705
4166,818
3705,159
3263,765
778,922
1556,1542
3499,1409
1355,2888
2100,532
1059,3079
1681,2255
361,454
4252,445
4844,2171
4447,445
1179,3466
5464,2468
4902,5120
2088,422
2249,2080
277,1604
290,3257
5891,3219
3113,1682
371,2328
1806,1304
1269,5349
775,491
151,1407
3440,2263
892,353
279,1610
210,3798
3538,2294
3101,2014
279,371
1079,4381
279,1665
2826,1347
412,1188
1489,2642
1228,838
1079,3693
2046,911
502,611
788,3247
2244,1883
1919,2761
1718,3079
2137,1006
412,225
336,548
3160,1485
3477,867
3869,3146
1485,524
247,829
3770,22
3072,295
1060,240
5377,1345
3911,3441
3526,300
2060,1648
3770,3238
2267,1911
3355,1551
1199,891
996,1729
181,2093
1445,412
2614,2232
724,1302
1127,5902
347,2143
1238,1924
3683,160
5746,2644
3753,3254
4558,2369
1449,2203
4074,262
118,270
1023,3213
937,4252
3825,4021
4816,3743
3424,205
2366,1224
277,4902
3624,61
1394,419
3837,1348
5,3837
2060,783
1690,1793
2694,4029
1972,3113
1288,3440
359,2951
3704,979
3409,3031
2040,892
1777,5266
1689,3355
347,2706
4148,3797
277,1299
1009,232
310,1031
1648,4728
1147,3300
4121,3101
448,486
379,4022
3450,3500
3053,783
848,1438
3082,802
1147,954
93,125
575,4571
954,2148
4844,516
2279,41
1583,1891
1245,2088
100,2840
3717,2453
835,3708
2643,267
3264,3255
2529,1906
352,232
1909,181
1733,17
3108,747
277,662
2248,1090
2968,2081
159,3361
5060,1358
1407,151
536,5451
243,46
196,3328
5872,3882
101,2947
1333,3031
1024,352
5943,2058
1806,448
3016,1283
3398,3704
2110,4074
27,5620
5962,1641
1456,2279
3225,2193
43,4002
838,3712
2918,1860
1281,2581
177,802
2328,1812
3896,101
3476,1047
1973,26
4144,2092
2899,3300
1396,2867
906,616
2754,1081
1330,2320
2733,1968
802,105
879,2733
2374,372
1029,911
2141,45
1276,1542
1644,1030
2793,1094
5266,892
2186,2888
524,1024
688,1658
1025,343
420,513
1042,3754
3752,3484
3863,3977
157,3550
5891,2097
3703,205
3536,842
1211,2016
1860,1374
5066,2058
237,201
3484,3752
180,2206
4816,5481
437,2723
3275,258
3706,5459
1845,3225
1029,1620
911,1551
2058,1583
4973,548
2134,422
313,22
1006,1288
3146,3869
65,3505
3584,145
2080,1238
25,215
1603,2253
336,1860
330,279
1378,1036
627,5
12,4306
1610,5418
212,1279
3044,2411
4006,3264
1302,2459
1272,1648
2416,1272
548,2918
181,1302
1693,3705
254,3082
4033,965
1588,212
267,829
3534,3269
1876,4144
382,3479
41,2279
5919,1987
569,1346
12,1674
2699,490
3395,3273
674,1082
999,3031
2733,879
1260,2037
1971,5965
520,2596
908,991
1333,3550
3717,2948
1029,5008
783,2393
180,3308
1591,2465
41,1456
302,3538
795,2614
5266,2040
1876,3387
2870,1885
3693,1079
79,353
1004,419
1729,1061
2709,3662
1036,2394
1438,3243
3996,1230
700,2413
1603,1693
2046,162
3273,3397
2953,251
215,3328
2253,5679
3082,105
3032,4967
979,3398
2110,262
274,2555
2232,3450
2046,1689
3190,5995
239,2227
5903,2134
2513,2335
2712,3701
3703,3424
3708,2421
2134,325
3108,1963
5008,1029
151,915
943,2707
1449,1409
3538,302
1047,3476
1230,497
437,342
4327,837
2953,5266
1023,177
65,2140
2867,1754
2144,2052
4844,2108
2184,2244
788,25
60,1963
3826,2843
1036,1378
903,494
2116,1324
505,52
2968,1299
1916,3685
1679,45
2014,189
2244,248
2421,2261
219,176
538,2788
611,4308
201,237
5669,3269
5266,79
2797,1793
3952,3741
783,2389
3113,1972
1345,210
1550,3729
711,360
248,1883
2194,4020
502,176
2555,1593
5843,2716
1031,310
3409,931
2263,2390
2953,2040
171,1378
3083,627
262,1304
232,548
25,1186
759,61
3114,2951
529,3044
3671,1860
66,4700
1188,225
3024,1200
3024,195
5872,343
3911,2123
3743,477
1551,5008
852,1359
2351,107
3499,3851
2806,943
2668,18
2194,3370
5957,360
3798,489
1200,3827
5669,65
2657,2991
2081,5
225,4308
3952,2529
338,3361
302,1586
1206,2712
1562,5843
3397,3273
274,1593
5764,1604
1147,5620
3269,65
65,704
1894,3639
361,1947
1593,5956
327,2141
2617,5060
140,599
1680,2694
174,2465
1238,3685
1987,236
2193,2140
2518,281
215,196
3210,2110
4029,350
610,92
3393,5872
313,76
534,177
2722,2302
2948,3754
1006,2263
1456,3751
1206,5120
314,4741
2513,1966
5919,2278
3035,4007
653,3745
3361,627
3254,3753
486,1806
1215,2877
2072,1224
2245,551
1031,788
1298,3839
445,2044
3802,1324
2287,1881
2110,3210
2044,937
304,4006
3394,2614
1230,743
3083,338
1059,2141
3526,2100
3681,2867
2014,290
236,5919
2139,2719
2707,943
381,2478
3752,469
2455,697
2096,225
174,1734
79,2953
3418,247
2733,1473
3053,160
2014,3257
3515,27
3837,1604
5903,2088
3745,653
1030,1090
1644,2248
662,5120
2968,1348
1860,2186
2072,1288
2422,2109
1729,1094
232,336
281,1224
1963,60
3108,267
3308,2206
2263,1006
1124,2110
1593,1220
2320,801
1330,1081
1927,515
5,2968
2288,3393
2076,943
1798,555
469,1970
1542,1556
1347,426
313,891
4518,2253
2722,1261
415,3462
3681,5893
3439,2118
2995,342
2139,2171
295,2723
279,3624
5502,3712
2657,2770
1812,1092
3160,224
516,1991
4006,529
1021,3753
1972,1021
1373,2874
1499,1285
332,1994
1812,2359
3079,327
3365,1891
802,254
353,5890
2804,1885
2883,1276
1207,3788
1971,3624
2583,352
2369,15
217,2109
3258,1355
931,3409
270,54
1060,759
3712,838
5451,536
107,2793
838,1376
1186,2204
1081,2320
2421,225
511,502
107,1687
2193,1339
105,3082
4006,3481
3424,3535
678,3263
1798,3072
204,891
2529,3952
3062,5782
2033,1479
3300,3668
160,212
610,3499
3622,2888
2255,1370
5971,2788
257,1042
371,5965
3190,2302
4310,3825
2036,2267
1702,2336
2465,3462
1272,26
906,161
2478,381
2387,300
435,1127
1342,1042
3174,2761
46,477
2171,1658
1228,3032
243,1227
1031,20
2719,2872
1438,2099
3328,4973
628,610
2746,3203
3548,2872
502,2118
106,3751
2617,2041
899,3515
742,312
219,611
290,2014
64,1100
2171,2108
2375,2243
1798,295
2644,2804
3770,76
1009,336
234,1407
1914,1916
2918,1009
2267,1225
3827,140
3104,3952
343,3393
1304,1356
315,267
1588,1370
3705,1297
291,218
1307,2041
1729,3744
2944,3851
2468,3393
2375,1100
1702,350
3264,3706
512,180
2657,101
3450,2108
3693,2671
1200,1474
933,1211
3053,212
1077,3397
3190,1261
2096,4260
359,3550
1445,2261
5048,788
783,250
3683,3053
3743,1256
5377,489
1209,1658
3087,2754
1816,1394
931,3031
1355,3622
3996,497
3174,1919
173,2648
2793,1729
3692,2243
3729,1717
177,1103
5919,1914
5995,3190
1963,1095
52,505
3409,558
915,151
1103,177
3083,3705
3683,3429
86,2294
2096,1924
12,778
325,1245
2085,3639
3527,1733
529,2411
2709,2227
3017,2529
1968,1614
838,1228
168,1445
145,2900
4007,3035
427,1129
3114,157
303,1489
879,2390
832,4002
1610,1971
2791,3788
3685,1238
529,1396
2291,3893
1586,3538
2204,5048
510,2802
1211,832
524,352
2555,5066
2302,5995
2291,3515
289,1324
2802,1586
1441,2808
3213,1023
171,2118
2953,3741
3534,5669
12,922
3053,2450
1860,548
2206,512
1346,569
2266,1179
4967,1211
2169,3893
3254,5746
376,2412
2617,3022
2366,454
2688,5679
1207,2870
842,2596
1279,1370
360,4370
4741,2420
1276,4347
2657,1680
422,2088
58,2167
2642,5957
160,3683
1186,1031
210,489
1009,548
3826,303
251,2529
1257,54
237,2026
3072,1798
3056,1378
366,2088
5891,3396
628,4381
1288,1036
3692,1100
1304,448
2374,2642
2450,1173
289,2116
2099,1754
3683,212
2467,3048
5447,1339
304,3264
1272,2416
454,1224
3409,66
798,100
1779,3358
1370,1681
4310,2648
2410,1845
4002,2016
177,1023
1718,45
1269,1625
3897,1186
3797,1734
2840,427
491,325
1733,312
5746,799
2184,3062
1285,616
1101,1591
3703,5902
4558,314
3839,1479
1370,1279
1396,1346
4447,3462
5048,2204
92,3698
41,2076
2300,880
1211,43
1693,3361
313,1199
2287,3248
1088,4020
3837,3173
1409,2987
4223,486
837,4327
3536,2596
1690,3113
4874,2528
2040,1461
1748,1798
2279,106
338,159
276,3238
2991,1680
1147,2918
5181,1212
2261,1924
2118,171
106,2467
3435,2054
3685,2387
1209,79
1297,1693
2788,274
2822,378
327,1679
2644,799
1542,1127
3692,2375
2053,224
4260,225
4571,207
1278,2328
3063,4308
2413,513
611,176
2186,1009
1006,3440
1906,3104
879,2263
981,899
2606,724
3358,2244
3536,1095
502,209
1024,2583
2418,3701
835,1077
427,1260
3254,1885
1625,2423
1227,477
376,3160
1748,437
448,262
991,207
1281,2244
2572,2898
2455,2900
4144,4874
2518,1224
240,667
743,1862
3505,5669
798,468
4728,2161
352,2583
908,940
2688,2037
1100,2243
1186,788
5447,2140
1057,2389
3254,2804
4963,3070
2478,2672
2421,1445
2915,2791
3703,2300
3515,2169
2694,1840
2898,2396
2395,460
2857,5872
1473,2733
4262,423
2953,79
460,2395
3896,490
3481,1346
277,5764
2023,2394
1299,5
1359,674
1376,3996
468,1719
2857,5451
3837,5066
1616,236
258,911
1845,2410
810,1225
5181,2596
747,3408
1648,1272
2026,201
4700,5965
1834,1840
2987,2944
1927,986
867,2921
2465,4447
157,999
1385,1972
493,3048
1834,313
1224,2518
251,1906
3743,5481
486,1356
3501,2985
532,1298
379,1016
437,555
271,2153
2099,848
1831,4252
1747,3273
54,2949
4262,2463
3454,3996
742,20
3048,719
5459,304
3705,338
3450,1914
1593,538
1831,445
616,1499
1288,5841
2040,79
3031,3409
3550,3409
2335,2513
3079,45
2139,2108
1688,2004
1921,546
1804,247
1556,2300
190,965
383,89
437,1798
2528,2092
3896,2947
1090,1030
1648,2393
254,802
3079,1718
3479,86
2478,1449
1566,354
3897,880
350,2097
4700,2951
1408,2153
2926,76
140,195
2134,2355
3741,1906
3743,3354
5502,1228
4034,1407
1006,5841
1372,383
4223,1806
360,711
4844,1991
2094,2687
1061,2249
1407,915
1588,1279
3324,92
2413,631
631,4131
2802,3101
3396,2336
931,1333
412,1924
1046,1919
157,4700
219,171
1681,1370
1489,4370
1272,2393
219,2118
118,1257
1267,2428
3763,3708
2060,2161
2542,1281
437,295
1206,662
225,168
176,2118
86,1586
2148,954
5349,2993
1963,3060
2915,2710
700,631
1059,327
489,210
2302,2353
1342,3717
1020,43
5060,1783
867,1733
207,2291
532,328
3398,979
1061,2080
1906,2953
3481,3706
3698,92
405,3317
302,382
2888,3826
888,60
2058,5066
2300,1276
1924,1238
2393,783
4370,303
2804,3753
1914,3500
3005,2606
1357,2541
1473,1373
3213,177
1209,5266
3752,1970
1307,2995
3248,3863
1084,3729
3763,2421
1025,5451
940,1457
1894,2082
1020,2016
2710,3788
1845,493
892,1461
1680,2991
538,2555
2709,1909
2244,2581
3476,2048
2672,3499
3072,437
2723,437
1173,783
2648,497
3258,3826
1356,1806
848,2867
2485,1754
279,5965
151,4034
810,3441
1718,1059
1973,2416
1200,140
2688,2253
3751,1456
2528,4874
312,2921
4006,5459
3358,2822
1860,4166
3683,3827
867,312
2255,1681
65,1380
1658,2108
135,2688
4034,494
835,575
2720,460
3269,3505
5902,1276
2467,2806
931,2951
2137,2065
4878,2372
172,405
2550,2287
697,5464
3243,1438
2016,43
1562,2541
2528,921
2004,4327
1970,3752
637,2808
3893,2169
205,2616
5266,2953
1023,1103
2291,2169
610,4381
1212,1499
1223,4765
802,534
5679,88
710,3534
25,2204
3255,304
2393,1272
1188,2096
1717,1550
2294,4121
17,3275
899,2883
891,3770
257,2948
3005,724
3705,1603
940,12
1961,1806
1199,313
5971,538
671,1947
1297,3361
1587,1550
1625,2418
2141,1679
3248,930
1688,2144
218,653
1550,1587
2394,2023
54,270
2040,1025
60,3060
5965,371
60,888
3893,5620
3258,3243
999,4700
1461,353
2572,4029
991,2291
3952,251
1346,3706
2707,41
505,1077
267,3108
1230,3996
3022,2617
1188,2261
2355,491
1036,1006
1250,1438
765,2261
3510,2321
3897,2204
1023,534
3081,407
3551,1804
2321,5481
3483,1278
3693,2513
3639,2085
1307,2617
2291,1215
5451,3882
2888,3258
4765,3386
2754,1330
1658,688
340,3668
2203,1409
3300,2078
4310,1376
1456,2806
2263,2137
599,140
2746,5481
262,1961
1457,940
599,3024
1079,610
1339,2140
804,2716
1473,879
4700,999
2366,2518
161,906
4260,2421
1282,1681
106,1456
1238,2100
1281,248
338,1693
4902,277
3039,1812
3882,1025
4074,2110
1006,1036
4166,3671
3113,345
829,315
2279,3751
1256,2026
5919,3450
248,366
3354,240
1357,1562
879,1288
2167,1966
818,4166
2372,303
880,1542
17,3477
2555,3173
5764,2968
2023,3056
3534,898
1297,627
1081,2754
3275,2985
472,1639
1339,3681
1016,2109
159,2371
176,611
1212,520
2995,555
1283,778
1812,837
3837,2354
2485,1438
1603,3083
2139,2458
2060,2393
2746,1199
3538,510
2036,810
3219,3017
1215,27
177,105
3243,2867
5060,2617
2421,765
371,3483
477,3743
3408,60
4370,2733
1046,2410
3741,3104
3114,3550
1250,2485
76,1199
2788,1593
3797,174
765,2421
4447,2465
2374,303
3534,710
18,775
799,795
538,1220
1124,112
3763,2054
879,1006
3967,616
2423,1625
2915,3788
3510,3743
931,66
236,3316
65,1848
2453,2948
3048,2467
1385,1097
2944,3499
2995,1307
1883,248
2918,1147
2802,510
2060,250
1347,2826
2253,159
217,490
225,765
2761,2410
5349,1269
3328,151
4571,5956
1299,5764
2278,5919
898,65
105,802
1456,41
3409,999
2671,3693
3355,258
2161,1057
195,599
3257,2141
353,5266
251,3104
1591,3797
2118,511
3743,1408
2806,3751
558,359
3365,2395
2654,674
2808,1441
2420,314
217,442
2700,2097
1614,1473
2806,106
3699,1441
173,1376
174,4148
3499,4381
1084,2746
2302,3190
359,3409
1518,2273
2900,2455
546,2336
1103,802
4006,3706
2513,276
2278,1987
2023,1378
1355,2843
160,1588
140,3024
1227,230
2390,2137
5481,4816
1920,189
3114,999
4131,631
2948,1641
17,867
611,2118
1625,2712
3238,2926
2599,113
45,3079
2109,4022
2040,353
171,176
3401,3548
490,2422
943,2279
151,234
1971,4700
3500,1987
157,359
1127,3639
3705,3083
3550,931
86,3479
548,1188
1378,3056
1057,250
1614,879
2279,2707
41,106
2995,437
4273,469
2529,3104
3273,1747
328,5418
3826,1489
4816,1256
448,1806
2867,168
2720,3365
2642,867
2688,1260
2261,2421
512,3308
2359,5120
3238,2167
3393,3882
4022,217
2822,405
1029,3355
606,224
497,1230
2802,302
1016,4022
3784,3740
3044,3264
3104,251
2081,1604
2642,360
3316,1064
1059,3448
3704,3398
5957,3826
3706,3481
1882,3048
1346,529
2657,1840
1373,1473
2040,1777
179,5843
511,2118
2273,542
5620,2148
113,2278
996,1061
1278,3168
3743,3510
1346,304
4571,908
1281,2542
710,1848
1377,2014
171,2394
118,54
415,445
2642,303
2203,2463
1754,3243
5181,842
3264,529
2987,1449
378,2026
1924,2096
3639,2034
1604,5764
2080,1061
2096,3263
4973,215
4973,336
2407,3190
2614,795
2453,5962
1518,2094
1307,3072
3210,4074
328,2100
5902,2268
486,1961
785,3210
5995,2722
3317,172
719,3048
295,3022
1322,1367
1919,1046
2968,627
250,2060
3324,3798
1679,1059
3269,3534
304,3044
3439,4308
1061,1367
1304,1961
2041,1783
66,999
1812,2328
3500,236
1445,4260
2315,937
2148,1147
4641,2336
288,2987
2099,2867
2085,1911
195,3683
1625,1269
4308,511
372,2915
2026,1256
3977,3248
1551,911
3113,1385
176,4308
1036,2023
2528,1550
423,4262
2581,1779
416,799
765,3263
3538,3101
2949,291
892,2953
1261,2302
4308,1445
343,5451
1427,4383
3254,305
548,818
3393,2288
832,1020
2410,2193
1347,866
3040,3704
3751,2279
1885,5746
835,3435
1834,891
1302,724
1645,2459
3409,157
65,5447
340,1147
2288,1566
2867,2099
489,3798
135,2232
1718,3448
1461,2040
3082,3213
4131,513
783,212
3698,2420
1588,783
3063,611
468,1129
1376,2648
1077,505
270,2268
2802,382
88,135
2746,332
4700,931
1024,232
534,105
5995,2046
2644,305
1379,3745
2926,204
1245,422
529,4006
599,1200
2688,88
3685,2100
4327,2052
2169,1215
3466,5574
1394,2094
353,79
3429,3024
2953,3594
3409,3584
2712,2423
2513,2167
2076,1456
2387,3526
5502,3000
3044,1346
2688,4518
1648,2161
922,1283
2395,3070
775,2668
313,2926
3173,3837
1991,1021
5816,4765
627,1297
5679,2688
2518,2072
2371,1693
302,4121
159,2253
477,1227
3839,1298
804,1608
22,3770
4166,1009
653,785
1006,879
2416,2706
2037,2253
3108,315
243,230
4260,1188
1966,3497
534,1023
3173,5066
778,3016
761,5620
2605,3190
3500,1916
5991,4881
2171,2139
2054,2409
2194,1088
798,1129
2249,1094
1094,1061
3893,761
1380,65
1357,2450
1029,1689
2372,1489
3729,1587
2985,3735
2926,22
168,225
2261,225
2648,4310
5048,3708
1272,2060
2108,2614
628,207
248,2542
3243,3258
1346,3044
17,3527
2492,1457
1971,1610
195,140
2034,2085
1084,1550
419,2687
1279,1588
879,1473
86,2802
5944,4002
2092,4874
1616,2278
1883,1281
4973,4166
3788,2791
3254,2644
3039,3483
3551,3418
2390,1288
3751,2622
3354,3743
1367,1322
3210,3745
575,3763
1734,174
2428,262
1779,2542
710,65
1281,366
5377,3798
66,3550
818,1009
1379,653
558,999
1679,3448
555,342
3386,1021
157,1333
146,1888
3365,1583
1674,1457
888,2700
1682,1385
2100,328
4027,1020
212,3053
1840,2991
378,2822
898,5669
2099,3681
551,922
1961,262
606,4262
2300,1127
2203,3851
4308,2118
2186,1355
742,5048
1479,3839
3681,2099
1009,3671
343,536
3501,2081
5464,2455
1082,2015
1238,2387
4347,1221
405,3358
2888,1355
3717,3501
4728,2393
1346,5459
2410,3174
340,2148
1377,290
5902,1542
548,232
3527,2921
2354,2058
2657,3896
610,3798
4148,174
52,1077
2496,2320
4874,4144
205,3535
423,1215
2467,943
2255,1282
1566,2548
378,3317
3882,343
2193,1919
2948,3717
2951,3409
662,2359
2184,248
1608,3070
2614,2171
921,1587
3248,2550
1016,2699
3741,251
2232,2139
511,176
3897,788
2710,2915
2458,3401
65,5669
1968,2870
2936,2206
1754,2099
2261,3263
2605,162
513,2413
4370,5957
1971,1665
2389,2161
5060,2041
5620,3893
491,2134
2874,879
3394,416
1077,52
2558,1266
2806,2467
3358,1281
1346,4006
2093,181
2036,87
1722,2581
2898,383
1551,1689
5060,472
954,5620
2888,3243
343,1025
5620,3515
931,157
2065,2450
489,5377
382,3101
1042,2948
276,161
2719,3401
1593,2555
422,491
2951,66
4027,5944
3538,86
3386,516
4002,933
1396,569
1733,867
1082,2654
3168,2282
354,2288
174,3797
3662,239
1658,4844
1020,832
2699,2109
2097,1702
312,20
1267,2947
2485,2804
1081,801
2860,190
5995,162
2268,2300
2355,2088
1848,3505
58,1966
437,1748
248,2581
168,4260
1687,2003
1396,1438
3258,2186
3441,2123
747,1095
724,2459
1079,2335
3535,2616
22,313
555,437
2606,1645
2900,5464
2374,3826
5746,2485
1380,2140
4020,62
3497,3238
2169,761
43,4027
485,5902
5746,3254
5447,3681
3527,867
2648,3996
1021,516
5620,1147
312,867
1188,1009
2995,3022
1370,212
1834,76
5620,2169
3060,2700
3079,1679
4239,2407
2953,892
3243,2843
2668,775
2617,3072
25,191
1356,5988
1551,1620
4006,1396
5872,5451
551,1283
2883,4347
1783,2041
490,2699
3070,1474
5669,898
1603,3705
225,2261
2421,835
366,1883
3032,1211
289,3802
694,2282
4844,1021
360,2374
358,631
1394,1004
254,1023
407,3699
472,5060
1092,191
2016,832
4148,2465
2915,1207
1449,2944
5418,328
2243,2375
350,2336
704,65
759,1060
2374,360
2548,3393
891,1834
276,1882
2668,3784
1276,5902
3032,3712
1812,3483
1972,1385
135,2108
64,209
1211,4027
3798,5377
232,1860
2548,1566
2548,2468
542,2273
2596,1212
3754,1342
3784,775
3527,312
5965,3624
1625,2446
3534,1848
1127,2034
162,1261
1324,2116
2294,510
3104,1906
258,3275
2581,2244
312,1186
372,2710
251,2953
2987,288
1722,2542
372,431
536,2857
5266,1461
3753,516
3712,3000
2888,3622
627,5764
546,1921
2529,3017
4571,2033
4700,1971
205,3703
5,627
5893,1339
4262,2203
1461,1025
529,304
491,422
3031,999
3396,5891
1396,1250
3753,2644
1569,3017
1885,3254
1970,469
2390,2072
3063,219
86,3101
4902,2359
1129,468
765,1924
2699,442
1307,1748
1179,5574
2034,1894
5066,3837
3264,569
2371,3361
3022,342
842,270
3000,1211
1445,168
193,458
2580,4239
609,2529
2294,1586
5,2081
1339,1380
412,3263
2722,2605
2450,2541
1215,899
1346,1396
2263,1288
2700,3396
4370,360
3893,423
3510,4816
2034,2082
2048,2599
195,3827
353,2040
1220,2788
3450,2171
5464,1566
1648,250
3454,1862
60,747
4034,234
1604,1299
5459,1927
1798,3483
848,2099
2804,5746
1806,1961
616,3967
1881,3248
2761,3225
2371,159
4902,662
407,637
5008,3355
2144,837
888,1095
2572,1372
1619,236
3594,3952
747,888
2328,3483
911,1029
3717,3735
490,2770
3044,3685
1020,2354
3060,60
493,1845
2054,3763
454,281
1356,448
171,511
704,2140
1206,4902
1061,2793
276,2167
1029,258
4014,315
2700,747
1674,12
3706,529
3753,1991
1445,765
2354,2555
1674,984
3483,3039
2746,4641
27,3515
5903,325
852,2654
880,5902
1831,937
295,1748
437,3022
1042,2453
3113,1101
2353,4029
2870,112
2058,3173
135,88
599,3429
1101,1385
1046,2761
1199,3770
1961,4223
2094,1394
1084,921
107,2003
1215,761
1573,2054
628,991
891,313
3387,1876
2723,3072
1221,981
1359,2654
442,379
2541,2137
1551,1029
3210,1379
2193,1845
2099,3243
486,448
2877,761
2393,4728
711,205
1408,2321
1225,87
205,711
4728,2060
2193,1046
2395,1583
2003,107
516,1972
2371,627
2926,3770
5181,1095
2898,1644
954,2918
3072,3022
2110,1124
2953,1906
1674,2492
3060,888
2054,1573
113,3476
2599,2278
5451,343
852,1569
3704,1374
2041,1307
759,5459
2153,1408
1583,460
700,358
1906,3594
3022,437
1891,2720
3435,5048
58,3497
4874,1876
5965,4700
1260,798
2046,1551
1919,2410
1891,1583
2918,4166
1968,112
157,3031
2802,4121
1911,1225
5956,1593
1094,2080
371,279
1356,1961
2788,5971
345,1097
1862,1230
5893,2140
1591,1734
1209,2232
5944,2016
3439,219
2354,1020
258,3355
1077,835
4166,2918
2097,350
3499,2672
196,2243
3826,3258
1333,157
688,26
3705,3361
2253,3083
3005,1645
3300,2148
2644,3254
933,832
168,1754
2015,2654
2420,4741
931,3550
4121,1586
5965,1610
516,1021
92,4381
2465,1591
2843,3258
291,2491
1269,1639
2081,3735
1228,3712
931,4700
818,5
4148,1591
234,903
448,1961
4571,2291
267,247
1094,2249
4571,991
5669,3505
2109,694
60,1095
2244,2184
558,4700
3064,4963
911,2046
1566,2468
4262,606
2302,2605
931,558
340,954
3497,58
290,1920
835,2054
2335,3693
1806,262
4967,5502
328,1298
4967,838
157,931
2094,1004
1088,3370
2261,765
1610,328
247,315
5956,2788
4021,4310
4131,700
1457,984
5746,3753
1947,671
759,2671
848,1754
899,27
1845,2761
1881,4327
3401,2139
631,358
490,101
366,1281
3324,1079
903,234
1376,173
2096,2261
46,230
569,3255
3257,3079
1307,3022
2420,92
314,92
3255,529
940,1674
1225,1911
3535,205
5266,1025
3594,2953
1648,1057
4308,3063
1348,627
3396,2700
1441,407
2244,1779
2947,1267
1094,3744
225,3263
627,159
4223,262
191,215
3683,140
842,1212
1285,906
258,1551
1556,5902
497,3996
866,5988
1641,1342
1260,2840
5447,5893
445,4252
27,1215
204,313
4381,628
5502,4967
1084,3203
2206,3308
1147,340
378,237
609,1569
3835,3508
2034,1127
3316,45
1342,3754
2080,2793
1679,1718
5944,4027
1862,4881
3081,3441
3753,2804
3594,251
2014,1920
2616,3703
325,5903
5507,300
2096,412
1081,2496
2418,2423
3996,1376
2193,2410
64,502
76,3770
2065,1562
3827,3429
1906,3952
3053,1279
1591,1101
4252,2044
999,2951
2080,996
2541,1357
3213,1103
3032,1228
3113,1690
1449,2672
1604,627
1220,274
2141,3079
1798,2328
5764,1299
2700,888
79,892
1409,3851
1679,3079
1848,5669
1220,1593
2710,2791
5451,5872
1610,5965
1297,159
3450,5919
2253,2688
193,3916
45,1619
2144,4327
342,1748
279,1220
2921,2642
837,2328
3893,1215
422,1245
2877,2169
2171,1209
1689,2046
171,219
2389,4728
3527,2642
3754,1641
3031,3550
1228,4967
5679,2253
2109,2699
1199,3203
2528,4144
486,1304
1919,1845
2987,2409
4021,3555
196,3692
420,700
3243,2888
2169,899
1211,3032
2048,113
1212,2596
1297,338
12,1457
2096,1188
996,1094
5943,2720
295,342
2353,1261
1566,5464
775,18
1927,1060
3744,181
937,445
3668,340
1722,239
631,41
1339,704
3639,1127
1260,4518
485,2412
2015,674
2052,1881
1479,179
3826,2374
180,4765
191,87
2065,2541
3060,747
3418,1587
336,818
4741,314
3662,2709
460,5507
1288,305
3108,829
2867,1438
1207,2915
1641,2948
1754,1396
431,372
3698,4558
460,2720
5903,422
4006,3255
4881,1862
1226,3802
2118,4308
3712,4967
2186,1860
3400,3911
3500,3450
1663,2004
1283,551
3708,5048
1702,546
1729,996
3408,4262
1374,1009
1245,325
5574,3466
667,542
3477,2642
2167,3238
302,510
2899,1031
1748,3072
2867,3243
1127,2082
3168,1278
1588,1173
405,172
412,765
2279,1456
1438,168
1129,798
2004,837
3770,313
3740,3784
3104,2529
314,2420
1860,4973
1266,2558
1355,3826
832,2016
1876,4874
262,1806
5944,43
1885,112
2822,1816
3851,1409
2953,3104
3044,304
2867,2485
1407,234
118,2268
2995,295
4029,172
5956,538
162,3190
2372,2374
1179,795
3745,785
1367,2793
472,2446
2614,1658
4816,477
2622,3034
1438,1754
2921,3527
86,510
2004,1881
1610,279
1680,1834
300,3685
2644,5746
1644,2396
3483,1092
984,12
2412,485
3255,237
1288,2263
3717,3275
700,41
1754,848
2372,2245
3798,210
5943,460
1690,345
627,2968
2193,2761
3017,3219
4239,2580
3213,105
2245,2372
1911,87
1973,2706
742,788
2968,277
3624,1927
4308,2261
2529,609
3108,3060
1226,289
2016,1211
3497,1966
2987,2672
5679,4518
933,4002
2918,340
3835,3034
2606,2459
835,3763
5464,2900
239,2709
981,1221
3536,1499
5746,1885
2080,1094
2416,1556
2453,3717
4728,1648
2450,160
2389,1272
379,490
1100,3692
1272,2389
569,529
250,2161
469,4273
1025,2857
3763,3435
2116,3802
442,217
1793,2797
412,4308
2037,135
4641,2746
1883,2542
338,1297
2100,3685
2413,358
4260,412
204,2926
180,2936
1206,2423
2605,2046
87,2267
2300,1556
112,1968
2139,2232
2926,891
1356,866
3505,3269
1881,2144
2465,415
2806,41
1330,801
2528,3729
5872,536
5956,991
1919,2193
5507,1891
2672,1409
3370,4020
2253,338
5669,1848
162,2302
4223,1961
2836,4558
965,2860
2468,2548
3683,1173
4121,3538
3825,3555
458,193
2100,1298
1603,3361
2369,2836
2046,5008
1927,61
3515,1215
775,3784
1882,276
1834,2926
3269,1848
2723,1748
3393,2468
427,798
2687,1394
911,258
2793,2080
314,3698
2194,3471
2294,3538
555,2617
2463,986
1855,24
1834,3770
1693,3083
88,2037
3257,189
2492,940
60,2700
4347,981
195,3429
3770,1834
512,1665
1333,2951
3358,1883
2206,1665
2422,217
1188,548
2918,336
2396,1644
3744,2249
196,215
1587,921
810,3400
2137,1357
3484,1970
2422,379
2143,2409
2722,2353
3692,196
984,908
502,219
267,4014
338,2371
610,3324
279,1971
2643,209
76,891
2700,1702
534,3082
173,3421
2421,3763
2046,2302
2393,2389
2947,490
2097,5891
2099,1250
1619,1064
628,3324
2081,2968
3016,12
5841,2263
2096,2421
3550,66
3754,3717
931,3114
490,2947
3505,1848
3798,1345
3258,3622
2459,1302
2375,3692
3639,2082
5447,65
1378,2394
852,3017
810,2123
310,3300
674,852
26,2416
5746,2804
3269,5669
2712,1206
101,3896
3751,3835
1816,405
3255,3706
1297,2371
1342,2453
209,64
159,1693
3639,1894
2371,338
2336,2700
157,3409
252,383
1302,2606
304,5459
232,352
2770,2947
1693,627
1092,3328
2993,2446
1663,1688
107,996
3967,906
2354,3173
532,1610
2245,4878
1927,759
965,190
3839,5418
353,1461
569,3706
558,1333
3551,1587
532,3839
1257,270
1269,472
3479,3538
783,1279
3535,3424
520,4518
799,416
1333,931
3703,1542
3450,1616
258,5008
829,4014
2244,1281
1883,2581
1057,2407
3741,2529
616,906
354,1566
5902,3897
1457,12
1461,2953
520,2037
3418,3551
66,3409
1689,1029
230,477
1966,2167
743,1230
3534,65
46,1227
26,1973
437,2617
1798,1812
1025,2040
3897,20
1101,345
1816,1004
3797,4148
1674,940
2951,3114
3505,3534
422,5903
908,984
1059,1718
5481,3203
2622,3835
599,195
168,2261
210,1345
837,1812
1438,848
2335,2671
416,2614
1082,1359
627,338
1924,1445
1020,4027
1916,3526
2375,196
3040,979
5965,1971
5891,609
2110,2428
5956,207
2134,1245
3386,4765
1883,3358
303,2374
899,2877
888,3108
350,1702
3499,2944
372,2374
2243,1100
1257,2268
87,1911
191,151
529,3255
832,4027
5,277
2396,2898
2092,4144
3273,271
818,1604
943,106
431,3788
1288,2048
207,628
1840,1680
3044,529
954,3300
1848,3534
5962,257
5746,305
4310,3555
4878,2245
2654,2015
3016,778
196,191
1733,2921
1748,2723
937,1831
1207,431
3851,1449
2094,2273
2840,468
1658,135
1215,5620
2733,1373
4262,986
898,3534
3022,1307
5459,61
1302,2093
2700,1963
761,2169
1212,1095
1359,852
3257,1059
105,3048
3031,359
3040,1374
931,359
3039,4262
1679,2141
2109,2422
2973,4558
237,3255
1228,3000
2037,1260
358,700
171,2023
300,1916
3622,2186
3024,3683
2985,759
908,207
818,1348
2273,2094
345,1385
27,899
2720,5943
505,5816
2622,3751
1409,1449
2468,2288
1682,3113
3555,4310
1586,3101
606,2053
921,1084
2058,2354
1188,1860
422,2134
106,2076
2539,1722
933,1020
20,1031
1211,5944
891,204
3624,1971
1924,225
2643,829
3397,505
1587,3418
502,64
1719,468
1924,2261
1009,1860
1603,627
783,4728
1095,1212
4963,417
520,2688
1620,3355
1961,486
1209,2108
1061,3744
2985,1927
2672,2987
2968,1604
2076,2279
829,267
3505,65
1276,2300
1473,2874
2015,1082
2161,2389
1095,3536
1608,1474
2944,1449
1550,1084
3064,417
2541,2450
3255,3264
2485,3254
361,671
1689,911
3225,3174
1587,3551
2874,1968
66,359
2723,352
502,511
2052,837
3448,3079
510,3101
3977,2550
3501,258
2279,2076
160,1173
217,4022
3893,27
1593,274
5843,5962
1593,2788
788,20
802,1103
209,2791
1991,4844
1816,2822
3257,290
3160,376
3243,1355
2422,2699
1282,2255
4260,2096
5943,2395
5120,4902
1345,3798
1124,2870
312,2204
248,1779
360,1489
627,1693
842,474
3048,493
1729,1367
1407,494
1987,5919
558,931
2390,879
1916,1238
2390,305
1238,2080
332,2746
345,1682
842,3536
2359,662
5502,3032
3744,996
516,3753
747,3060
1267,2770
1367,2249
5266,1209
4166,1860
1407,903
1009,4973
2081,1348
3000,3712
2706,2416
1029,1551
911,1620
3744,2093
3538,4121
254,1103
1971,330
3017,1569
3160,606
2353,2302
3622,3243
